id,property_id,title,description,price,property_type,city,beds,baths,area_sqft,image,featured,location,property_address,bedrooms,bathrooms,sqm,type,contact_email,contact_messenger,contact_whatsapp,source,swimming_pool,gym_access,living_room,dining_room,additional_features,lot_size,is_featured,is_exclusive,status,user_id,created_at,updated_at,deleted_at
1,1,Luxury Villa,A beautiful luxury villa with ocean view,50000000,villa,Batangas,5,4,4000,uploads/properties/property10.jpg,1,"Nasugbu, Batangas","123 Tali Beach Drive, Nasugbu, Batangas",5,4,372,house_and_lot,luxuryvilla@example.com,https://m.me/luxuryvilla,6.39E+11,admin,1,1,1,1,"Private beach access, Home theater",1000,1,1,for_sale,1,NULL,NULL,
2,2,Downtown Apartment,Modern apartment in the heart of the city,25000000,apartment,Makati,2,2,1200,uploads/properties/property11.jpg,0,"Makati, Metro Manila","456 Ayala Avenue, Makati City, 1223 Metro Manila",2,2,111,condominium,downtownapt@example.com,https://m.me/downtownapt,6.39E+11,admin,0,1,1,1,"Doorman, Rooftop terrace",NULL,0,0,for_sale,1,NULL,NULL,
3,3,Suburban Home,Spacious family home in a quiet neighborhood,37500000,house,Quezon City,4,3,2500,uploads/properties/property12.jpg,1,"Quezon City, Metro Manila","789 Katipunan Avenue, Quezon City, 1108 Metro Manila",4,3,232,house_and_lot,suburbanhome@example.com,https://m.me/suburbanhome,6.39E+11,admin,1,0,1,1,"Finished basement, Large backyard",800,1,0,for_sale,2,NULL,NULL,
4,4,Luxury Villa,A beautiful luxury villa with ocean view,50000000,villa,Makati City,5,4,4000,uploads/uploads/property10.jpg,1,0,"Metro Manila, Philippines",5,4,372,house_and_lot,luxuryvilla@example.com,https://m.me/luxuryvilla,1234567890,admin,0,1,1,1,"Private beach access, Home theater",300,0,0,for_sale,0,10/20/2024 8:06,10/20/2024 8:06,
5,5,Downtown Apartment,Modern apartment in the heart of the city,25000000,apartment,Quezon City,2,2,1200,uploads/uploads/property11.jpg,0,0,"Metro Manila, Philippines",2,2,111,condominium,downtownapt@example.com,https://m.me/downtownapt,1234567891,lister,1,1,1,1,"Doorman, Rooftop terrace",234,0,0,for_sale,0,10/20/2024 8:06,10/20/2024 8:06,
6,6,Suburban Home,Spacious family home in a quiet neighborhood,37500000,house,Cebu City,4,3,2500,uploads/uploads/property1.jpg,1,0,"Cebu, Philippines",4,3,232,house_and_lot,suburbanhome@example.com,https://m.me/suburbanhome,1234567892,seller,0,1,1,1,"Finished basement, Large backyard",456,0,0,for_sale,0,10/20/2024 8:06,10/20/2024 8:06,
7,7,Ayala Greenfield Estates,"Experience luxurious living in this spacious 670 sqm residential lot located in the prestigious Ayala Greenfield Estates. Developed by Ayala Land Premier, this property offers a serene and exclusive environment, perfect for building your dream home.",33914042,lot,Calamba,0,0,4263,uploads/properties/lot1.jpg,0,0,"Laguna, Philippines",3,3,396,lot,contact1@example.com,https://m.me/property1,6.30948E+11,admin,0,1,1,1,"Private beach access, Home theater",600,0,0,for_sale,0,10/20/2024 8:06,10/20/2024 8:06,
8,8,Beachlots near Manila for Sale,"Indulge in a tropical paradise with these beachlots near Manila, situated in the stunning Playa Laiya, San Juan, Batangas. With proximity to the capital city, these lots provide a perfect escape from the urban hustle while allowing you to enjoy the beautiful beaches and coastal lifestyle.",24425584,lot,San Juan,0,0,2497,uploads/properties/lot2.jpg,0,0,"Laguna, Philippines",3,2,232,lot,contact2@example.com,https://m.me/property2,6.30929E+11,lister,0,1,1,1,"Doorman, Rooftop terrace",400,0,0,for_sale,0,10/20/2024 8:06,10/20/2024 8:06,
9,9,Club Laiya beach lot FOR SALE,"Own a piece of paradise with this beach lot for sale in Club Laiya. This property offers a prime location within a exclusive beach community, providing access to top-notch amenities and breathtaking views of the pristine coastline.",48615235,lot,San Juan,0,0,2433,uploads/properties/lot3.jpg,0,0,"Laguna, Philippines",2,2,226,lot,contact3@example.com,https://m.me/property3,6.30995E+11,seller,0,1,1,1,"Finished basement, Large backyard",324,0,0,for_sale,0,10/20/2024 8:06,10/20/2024 8:06,
10,10,Futura Homes San Pedro Lot Only for Sale,"Discover the opportunity to build your ideal home in Futura Homes San Pedro, a development by Filinvest. This lot-only property is located in the thriving city of San Pedro, Laguna, offering a convenient and accessible location for your future residence.",12258546,lot,San Pedro,0,0,3326,uploads/properties/lot4.jpg,0,0,"Laguna, Philippines",5,1,309,lot,contact4@example.com,https://m.me/property4,6.30964E+11,admin,0,1,1,1,"Private beach access, Home theater",400,0,0,for_sale,0,10/20/2024 8:06,10/20/2024 8:06,
11,11,Lot for Sale in Golden Meadow,"Secure your future home in the peaceful community of Golden Meadow, located in Biñan, Laguna. This lot for sale presents a great opportunity to construct your dream house in a tranquil and family-friendly neighborhood.",40396346,lot,Biñan,0,0,1066,uploads/properties/lot5.jpg,0,0,"Laguna, Philippines",4,3,99,lot,contact5@example.com,https://m.me/property5,6.30906E+11,seller,0,1,1,1,"Doorman, Rooftop terrace",245,0,0,for_sale,0,10/20/2024 8:06,10/20/2024 8:06,
12,12,Luxury Leisure Property in Batangas City for Sale,"Indulge in a life of luxury with this leisure property in Batangas City. Available as both residential lots and condominiums, this development offers a sophisticated lifestyle surrounded by modern amenities and stunning natural scenery.",48599740,lot,Batangas City,0,0,2745,uploads/properties/lot6.jpg,0,0,"Batangas, Philippines",2,2,255,lot,contact6@example.com,https://m.me/property6,6.30918E+11,lister,0,1,1,1,"Finished basement, Large backyard",300,0,0,for_sale,0,10/20/2024 8:06,10/20/2024 8:06,
13,13,Palawan Beach Lot,"Experience the ultimate tropical getaway with this 405 sqm beach lot for sale in Palawan, located in the picturesque Sunset Shore development. Lot 17 offers a prime beachfront location, allowing you to bask in the stunning sunsets and enjoy the crystal-clear waters of Palawan.",42975684,lot,Coron,0,0,1604,uploads/properties/lot7.jpg,0,0,"Palawan, Philippines",2,3,149,lot,contact7@example.com,https://m.me/property7,6.30988E+11,seller,0,1,1,1,"Private beach access, Home theater",245,0,0,for_sale,0,10/20/2024 8:06,10/20/2024 8:06,
14,14,Residential Lot for sale at Antel Grand Village,"Elevate your living standards with this residential lot for sale in Antel Grand Village, specifically in the Grand Cedarcrest area. This exclusive community offers a serene and secure environment, perfect for families seeking a high-quality lifestyle.",29391889,lot,General Trias,0,0,2454,uploads/properties/lot8.jpg,0,0,"Cavite, Philippines",2,2,228,lot,contact8@example.com,https://m.me/property8,6.30976E+11,lister,1,1,1,1,"Doorman, Rooftop terrace",124,0,0,for_sale,0,10/20/2024 8:06,10/20/2024 8:06,
15,15,Residential Lot for Sale at Metrogate Tagaytay Estates,"Escape the city life and find solace in this residential lot for sale at Metrogate Tagaytay Estates in Cavite. Surrounded by the cool breeze and lush greenery of Tagaytay, this property offers a refreshing and peaceful atmosphere for your future home.",48085796,lot,Tagaytay,0,0,2336,uploads/properties/lot9.jpg,0,0,"Cavite, Philippines",4,1,217,lot,contact9@example.com,https://m.me/property9,6.3093E+11,admin,1,1,1,1,"Finished basement, Large backyard",,0,0,for_sale,0,10/20/2024 8:06,10/20/2024 8:06,
16,16,Residential Lot For Sale in Alta Vista Tagaytay,"Embrace the beauty of Tagaytay with this residential lot for sale in Alta Vista Tagaytay, located in Silang Junction South. This premium development offers breathtaking views of the Taal Lake and a serene ambiance, making it an ideal location for your dream vacation home.",29387905,lot,Tagaytay,0,0,5199,uploads/properties/lot10.jpg,0,0,Cavite Philippines,2,3,483,lot,contact10@example.com,https://m.me/property10,6.30909E+11,seller,1,1,1,1,"Private beach access, Home theater",,0,0,for_sale,0,10/20/2024 8:06,10/20/2024 8:06,
17,17,Residential Lot For Sale by AYALA LAND,"Invest in a property developed by the trusted name of Ayala Land. This residential lot for sale is situated in Lipa, Batangas, offering a strategic location for those seeking a balance between urban convenience and a laid-back lifestyle.",14750082,lot,Lipa,0,0,1184,uploads/properties/lot11.jpg,0,0,"Batangas, Philippines",3,2,110,lot,contact11@example.com,https://m.me/property11,6.30908E+11,lister,1,1,1,1,"Doorman, Rooftop terrace",,0,0,for_sale,0,10/20/2024 8:06,10/20/2024 8:06,
18,18,RIDGEWOOD HEIGHTS Lot for sale,"Elevate your living experience with this lot for sale in Ridgewood Heights. This exclusive community offers a blend of modern amenities and natural beauty, providing a serene and comfortable environment for you and your family to call home.",35714047,lot,Tagaytay,0,0,2325,uploads/properties/lot12.jpg,0,0,"Cavite, Philippines",3,1,216,lot,contact12@example.com,https://m.me/property12,6.30918E+11,lister,1,1,1,1,"Finished basement, Large backyard",,0,0,for_sale,0,10/20/2024 8:06,10/20/2024 8:06,
19,19,Well-Maintained Elegant House,Discover your dream home in this picturesque neighborhood featuring spacious lots and beautifully crafted houses with classic architectural designs.,14448811,house_and_lot,Mandaluyong,1,3,3380,uploads/properties/houseandlot1.png,0,0,"Mandaluyong, Philippines",1,3,314,house_and_lot,contact1@example.com,https://m.me/property1,6.3095E+11,lister,0,1,1,1,"Private beach access, Home theater",,0,0,for_sale,0,10/20/2024 8:06,10/20/2024 8:06,
20,20,Beautiful and Luxurious Houses,"Experience the best of rural living with these expansive lots and custom-built homes, each offering stunning sunset views over the rolling hills.",19670029,house_and_lot,Taguig,2,2,5307,uploads/properties/houseandlot2.png,0,0,"Taguig, Philippines",2,2,493,house_and_lot,contact2@example.com,https://m.me/property2,6.30951E+11,seller,0,1,1,1,"Doorman, Rooftop terrace",,0,0,for_sale,0,10/20/2024 8:06,10/20/2024 8:06,
21,21,Modern Asian 2Storey Brand New House and Lot,"Find the perfect balance of comfort and style in this charming community of single-family homes, nestled among tree-lined streets and lush parks.",44777589,house_and_lot,Angeles City,2,2,4790,uploads/properties/houseandlot3.png,1,0,"Pampanga, Philippines",2,2,445,house_and_lot,contact3@example.com,https://m.me/property3,6.30988E+11,admin,0,1,1,1,"Finished basement, Large backyard",,0,0,for_sale,0,10/20/2024 8:06,10/20/2024 8:06,
22,22,Furnished House and Lot,"Embrace the quaint charm of cottage living with these cozy homes situated along a peaceful creek, each with its own private garden.",37306752,house_and_lot,Davao,2,2,4682,uploads/properties/houseandlot4.jpg,0,0,"Davao, Philippines",2,2,435,house_and_lot,contact4@example.com,https://m.me/property4,6.30987E+11,admin,0,1,1,1,"Private beach access, Home theater",,0,0,for_sale,0,10/20/2024 8:06,10/20/2024 8:06,
23,23,Fairway Villa,"Tee off right from your backyard in this golf course community, featuring luxurious villas and direct access to the championship course.",25247542,house_and_lot,Pasay,1,2,3229,uploads/properties/houseandlot5.png,0,0,"Pasay, Philippines",1,2,300,house_and_lot,contact5@example.com,https://m.me/property5,6.30976E+11,lister,0,1,1,1,"Doorman, Rooftop terrace",,0,0,for_sale,0,10/20/2024 8:06,10/20/2024 8:06,
24,24,Mango Grove Villas,"This is a beautiful house_and_lot property located in Makati. It features 2 bedrooms and 1 bathrooms, with a total area of 430 square meters.",16072954,house_and_lot,Makati,2,1,4629,uploads/properties/houseandlot6.png,0,0,"Makati, Philippines",2,1,430,house_and_lot,contact6@example.com,https://m.me/property6,6.30921E+11,admin,0,1,1,1,"Finished basement, Large backyard",,0,0,for_sale,0,10/20/2024 8:06,10/20/2024 8:06,
25,25,Cagayan de Oro Cityhomes,"Experience the best of both worlds with these spacious city homes, located in the thriving city of Cagayan de Oro, known for its beautiful parks and friendly locals.",45727619,house_and_lot,Cagayan de Oro City,5,2,3864,uploads/properties/houseandlot7.png,0,0,"MIsamis Oriental, Philippines",5,2,359,house_and_lot,contact7@example.com,https://m.me/property7,6.30944E+11,seller,0,1,1,1,"Private beach access, Home theater",,0,0,for_sale,0,10/20/2024 8:06,10/20/2024 8:06,
26,26,Davao Downtown Dwellings,"Discover the vibrant culture and warm hospitality of Davao City with these modern, downtown homes, just steps away from the city's best attractions.",7483538,house_and_lot,Davao,4,3,2788,uploads/properties/houseandlot8.png,0,0,"Davao, Philippines",4,3,259,house_and_lot,contact8@example.com,https://m.me/property8,6.30925E+11,admin,0,1,1,1,"Doorman, Rooftop terrace",,0,0,for_sale,0,10/20/2024 8:06,10/20/2024 8:06,
27,27,Cebu City Skyhomes,"Elevate your living experience with these stunning high-rise homes, offering breathtaking views of Cebu City's skyline and the nearby sea.",31834523,house_and_lot,Cebu City,1,2,1453,uploads/properties/houseandlot9.jpg,0,0,"Cebu, Philippines",1,2,135,house_and_lot,contact9@example.com,https://m.me/property9,6.30995E+11,lister,0,1,1,1,"Finished basement, Large backyard",,0,0,for_sale,0,10/20/2024 8:06,10/20/2024 8:06,
28,28,Ortigas Oasis,"Escape the hustle and bustle of city life with these serene, garden-inspired homes, nestled in the heart of Ortigas Center.",13499041,house_and_lot,Ortigas,3,1,1625,uploads/properties/houseandlot10.jpg,0,0,"Pasig, Philippines",3,1,151,house_and_lot,contact10@example.com,https://m.me/property10,6.30987E+11,lister,0,1,1,1,"Private beach access, Home theater",,0,0,for_sale,0,10/20/2024 8:06,10/20/2024 8:06,
29,29,Bonifacio Global City Brownstones,"Embrace the cosmopolitan lifestyle in these stylish brownstone homes, situated in the trendy and modern Bonifacio Global City.",42901323,house_and_lot,Bonifacio Global Taguig City,2,3,4187,uploads/properties/houseandlot11.jpg,1,0,"Taguig, Philippines",2,3,389,house_and_lot,contact11@example.com,https://m.me/property11,6.30946E+11,lister,0,1,1,1,"Doorman, Rooftop terrace",,0,0,for_sale,0,10/20/2024 8:06,10/20/2024 8:06,
30,30,Quezon City Courtyards,"Experience the perfect blend of urban convenience and tranquil living with these charming courtyard homes, located in one of Metro Manila's most vibrant cities.",34510236,house_and_lot,Quezon City,2,2,603,uploads/properties/houseandlot12.jpg,0,0,"Quezon City, Philippines",2,2,56,house_and_lot,contact12@example.com,https://m.me/property12,6.30943E+11,lister,1,1,1,1,"Finished basement, Large backyard",,0,0,for_sale,0,10/20/2024 8:06,10/20/2024 8:06,
31,31,2 Bedroom Affordable House,"Experience comfort and convenience in this cozy 2-bedroom house located in Tagaytay-Nasugbu. Ideal for first-time homeowners, this affordable property offers a serene environment while being close to popular destinations in Tagaytay.",40404878,townhouse,Tagaytay-Nasugbu,2,2,4435,uploads/properties/townhouse1.jpg,0,0,"Cavite-Batangas, Philippines",5,1,412,townhouse,contact1@example.com,https://m.me/property1,6.30995E+11,lister,1,1,1,1,"Private beach access, Home theater",,0,0,for_sale,0,10/20/2024 8:06,10/20/2024 8:06,
32,32,2 Bedrooms Complete Interior Finish Townhouse Near SM Sto. Tomas,"Modern 2-bedroom townhouse with a fully finished interior, conveniently located near SM Sto. Tomas for a comfortable and accessible lifestyle.",19548591,townhouse,Sto. Tomas,2,1,3595,uploads/properties/townhouse2.jpg,1,0,"Batangas, Philippines",3,1,334,townhouse,contact2@example.com,https://m.me/property2,6.30948E+11,seller,1,1,1,1,"Doorman, Rooftop terrace",,0,0,for_sale,0,10/20/2024 8:06,10/20/2024 8:06,
33,33,3 Bedrooms House in Neuville Homes,"Spacious 3-bedroom house available as a pre-selling unit in Tanza, Cavite. Perfect for families looking for a new home in a growing community.",25790663,townhouse,Tanza,3,2,818,uploads/properties/townhouse3.jpg,0,0,"Cavite, Philippines",4,2,76,townhouse,contact3@example.com,https://m.me/property3,6.30984E+11,lister,1,1,1,1,"Finished basement, Large backyard",,0,0,for_sale,0,10/20/2024 8:06,10/20/2024 8:06,
34,34,Modern 3BR 2-Storey Townhouse,"Stylish 3-bedroom, 2-storey townhouse in Davao City’s PHINMA Maayo Tugbok, featuring modern living spaces and a peaceful environment.",14188421,townhouse,Davao,3,2,2002,uploads/properties/townhouse4.jpg,0,0,"Davao, Philippines",5,2,186,townhouse,contact4@example.com,https://m.me/property4,6.3097E+11,seller,1,1,1,1,"Private beach access, Home theater",,0,0,for_sale,0,10/20/2024 8:06,10/20/2024 8:06,
35,35,Contemporary-The Hauslands Mabalacat - Tawny Model,Contemporary 3-bedroom townhouse located in The Hauslands Mabalacat. The Tawny model offers spacious interiors and a family-friendly community.,35804265,townhouse,Mabalacat,3,2,5005,uploads/properties/townhouse5.jpg,0,0,Pampanga Philippines,5,1,465,townhouse,contact5@example.com,https://m.me/property5,6.30906E+11,seller,1,1,1,1,"Doorman, Rooftop terrace",,0,0,for_sale,0,10/20/2024 8:06,10/20/2024 8:06,
36,36,Luxurious 4BR Townhouse,"Luxurious 4-bedroom townhouse in Las Piñas' Victoria Park Residences, ideal for families seeking upscale living with ample space and modern amenities.",47268478,townhouse,Las Piñas,4,3,710,uploads/properties/townhouse6.jpg,1,0,"Metro Manila, Philippines",4,1,66,townhouse,contact6@example.com,https://m.me/property6,6.30904E+11,lister,1,1,1,1,"Finished basement, Large backyard",,0,0,for_sale,0,10/20/2024 8:06,10/20/2024 8:06,
37,37,Brand-New 3-Storey Townhomes,"Brand-new 3-storey townhouse in Parañaque’s Merville area, offering modern design and spacious living for families looking for a fresh start.",38902498,townhouse,"Merville, Parañaque City",4,2,2788,uploads/properties/townhouse7.jpg,0,0,"Parañaque, Philippines",4,2,259,townhouse,contact7@example.com,https://m.me/property7,6.30937E+11,seller,1,1,1,1,"Private beach access, Home theater",,0,0,for_sale,0,10/20/2024 8:06,10/20/2024 8:06,
38,38,Clean Title RFO Townhouse,"Ready-for-occupancy townhouse in Dasmariñas, Cavite with a clean title. A great option for those looking for a hassle-free home purchase.",29404921,townhouse,Dasmariñas,2,2,4736,uploads/properties/townhouse8.jpg,1,0,"Cavite, Philippines",1,2,440,townhouse,contact8@example.com,https://m.me/property8,6.30983E+11,lister,1,1,1,1,"Doorman, Rooftop terrace",,0,0,for_sale,0,10/20/2024 8:06,10/20/2024 8:06,
39,39,Spacious Modern Townhouse,"A 3-bedroom house in Cebu City, offering spacious living areas and proximity to the city’s essential services, perfect for families.",45501770,townhouse,Cebu City,4,2,3498,uploads/properties/townhouse9.jpg,0,0,"Cebu, Philippines",4,2,325,townhouse,contact9@example.com,https://m.me/property9,6.30921E+11,seller,1,1,1,1,"Finished basement, Large backyard",,0,0,for_sale,0,10/20/2024 8:06,10/20/2024 8:06,
40,40,Modern townhouse Unit,"Modern townhouse unit for sale in Neuville Townhomes, Tanza, offering a convenient location and spacious living areas for families.",25008963,townhouse,"Neuville Townhomes, Tanza",3,2,4219,uploads/properties/townhouse10.jpg,1,0,"Cavite, Philippines",2,1,392,townhouse,contact10@example.com,https://m.me/property10,6.30906E+11,seller,1,1,1,1,"Private beach access, Home theater",,0,0,for_sale,0,10/20/2024 8:06,10/20/2024 8:06,
41,41,Comfortable Townhouse,"Comfortable townhouse in Sunny Vale, Tarlac City, perfect for individuals or families looking for a peaceful and affordable home.",16661528,townhouse,"Sunny Vales, Tarlac City",3,2,2745,uploads/properties/townhouse11.jpg,0,0,"Tarlac, Philippines",5,1,255,townhouse,contact11@example.com,https://m.me/property11,6.30907E+11,seller,1,1,1,1,"Doorman, Rooftop terrace",,0,0,for_sale,0,10/20/2024 8:06,10/20/2024 8:06,
42,42,Affordable Townhouse in SMDC Cheerful Homes 1,Affordable rent-to-own 2-bedroom house in SMDC Cheerful Homes 1. The Flexi Home Inner A model is designed for small families or individuals seeking easy ownership options.,9970141,townhouse,Mabalacat,2,2,4661,uploads/properties/townhouse12.jpg,0,0,"Pampanga, Philippines",5,2,433,townhouse,contact12@example.com,https://m.me/property12,6.30925E+11,seller,1,1,1,1,"Finished basement, Large backyard",,0,0,for_sale,0,10/20/2024 8:06,10/20/2024 8:06,
43,43,Skyline Oasis,Experience luxury living in the heart of the city with breathtaking views from every unit in this modern high-rise condominium.,44395725,condominium,Iligan,4,2,3498,uploads/properties/condo1.jpg,0,0,"Iligan, Philippines",4,2,325,condominium,contact1@example.com,https://m.me/property1,6.30924E+11,seller,1,1,1,1,"Private beach access, Home theater",,0,0,for_sale,0,10/20/2024 8:06,10/20/2024 8:06,
44,44,Serenity Gardens,"Escape the hustle and bustle of urban life in this tranquil, garden-inspired condominium community featuring lush landscaping and peaceful amenities.",45620153,condominium,Makati,1,3,4919,uploads/properties/condo2.jpg,0,0,"Makati, Philippines",1,3,457,condominium,contact2@example.com,https://m.me/property2,6.30957E+11,seller,1,1,1,1,"Doorman, Rooftop terrace",,0,0,for_sale,0,10/20/2024 8:06,10/20/2024 8:06,
45,45,Belmont Tower,"Elevate your lifestyle in this iconic, landmark condominium, offering unrivaled views, top-tier amenities, and a prime location in the city's most sought-after neighborhood.",22525082,condominium,Makati,2,2,1604,uploads/properties/condo3.jpg,1,0,"Makati, Philippines",2,2,149,condominium,contact3@example.com,https://m.me/property3,6.30931E+11,lister,1,1,1,1,"Finished basement, Large backyard",,0,0,for_sale,0,10/20/2024 8:06,10/20/2024 8:06,
46,46,The Courtyards at Oakmont,"Enjoy the best of both worlds with this charming condominium featuring private courtyard entrances and a vibrant, walkable neighborhood just outside your door.",44620280,condominium,Iligan,5,3,753,uploads/properties/condo4.jpg,0,0,"Iligan, Philippines",5,3,70,condominium,contact4@example.com,https://m.me/property4,6.30999E+11,lister,1,1,1,1,"Private beach access, Home theater",,0,0,for_sale,0,10/20/2024 8:06,10/20/2024 8:06,
47,47,Skyline East,"Redefine your expectations of city living with this sleek, contemporary condominium boasting unobstructed views of the eastern skyline.",48255809,condominium,Davao,2,3,2207,uploads/properties/condo5.jpg,1,0,"Davao, Philippines",2,3,205,condominium,contact5@example.com,https://m.me/property5,6.30952E+11,admin,1,1,1,1,"Doorman, Rooftop terrace",,0,0,for_sale,0,10/20/2024 8:06,10/20/2024 8:06,
48,48,The Enclave at Riverwood,"Discover the perfect blend of privacy and community in this exclusive, gated condominium situated along the scenic riverfront.",11751740,condominium,Cagayan de Oro,2,3,4478,uploads/properties/condo6.jpg,0,0,"Cagayan de Oro, Philippines",2,3,416,condominium,contact6@example.com,https://m.me/property6,6.30982E+11,lister,1,1,1,1,"Finished basement, Large backyard",,0,0,for_sale,0,10/20/2024 8:06,10/20/2024 8:06,
49,49,Treetop Terraces,"Surround yourself with nature in this unique condominium nestled among the treetops, featuring private terraces and an eco-friendly design.",10178292,condominium,Cagayan de Oro,1,1,2088,uploads/properties/condo7.jpg,0,0,"Cagayan de Oro, Philippines",1,1,194,condominium,contact7@example.com,https://m.me/property7,6.30966E+11,admin,1,1,1,1,"Private beach access, Home theater",,0,0,for_sale,0,10/20/2024 8:06,10/20/2024 8:06,
50,50,Midtown Lofts,"Experience the epitome of urban chic in these spacious, open-concept lofts with industrial-inspired design elements and expansive city views.",40961296,condominium,Davao,1,2,2390,uploads/properties/condo8.jpg,0,0,"Davao, Philippines",1,2,222,condominium,contact8@example.com,https://m.me/property8,6.30914E+11,seller,1,1,1,1,"Doorman, Rooftop terrace",,0,0,for_sale,0,10/20/2024 8:06,10/20/2024 8:06,
51,51,The Brownstones at Parkside,"Enjoy the charm and character of classic brownstone architecture combined with modern amenities in this intimate, boutique condominium.",8609253,condominium,Quezon City,2,2,1528,uploads/properties/condo9.jpg,1,0,"Quezon City, Philippines",2,2,142,condominium,contact9@example.com,https://m.me/property9,6.30996E+11,seller,1,1,1,1,"Finished basement, Large backyard",,0,0,for_sale,0,10/20/2024 8:06,10/20/2024 8:06,
52,52,City Central,"Live in the center of it all with this conveniently located condominium, just steps away from the best shopping, dining, and entertainment the city has to offer.",34159882,condominium,Iligan,1,1,1195,uploads/properties/condo10.jpg,0,0,"Iligan, Philippines",1,1,111,condominium,contact10@example.com,https://m.me/property10,6.30913E+11,seller,1,1,1,1,"Private beach access, Home theater",,0,0,for_sale,0,10/20/2024 8:06,10/20/2024 8:06,
53,53,Waterfront Towers,"Immerse yourself in the beauty of waterfront living with stunning views, private boat slips, and direct access to the boardwalk.",15363165,condominium,Cavite,5,1,4069,uploads/properties/condo11.jpg,1,0,"Cavite, Philippines",5,1,378,condominium,contact11@example.com,https://m.me/property11,6.3093E+11,seller,1,1,1,1,"Doorman, Rooftop terrace",,0,0,for_sale,0,10/20/2024 8:06,10/20/2024 8:06,
54,54,The Paramount,"Indulge in the ultimate in sophistication and style at this prestigious condominium, offering unparalleled service and world-class amenities.",32310670,condominium,Cavite,2,2,3520,uploads/properties/condo12.jpg,0,0,"Cavite, Philippines",2,2,327,condominium,contact12@example.com,https://m.me/property12,6.30967E+11,seller,1,1,1,1,"Finished basement, Large backyard",,0,0,for_sale,0,10/20/2024 8:06,10/20/2024 8:06,
55,55,The Apex,"Reach new heights of luxury and sophistication in this state-of-the-art condominium, boasting cutting-edge technology, unparalleled amenities, and a rooftop observatory with 360-degree city views.",48637088,apartment,Davao,1,1,3692,uploads/properties/apartment1.jpg,1,0,"Davao, Philippines",1,1,343,apartment,contact1@example.com,https://m.me/property1,6.30942E+11,admin,1,1,1,1,"Private beach access, Home theater",,0,0,for_sale,0,10/20/2024 8:06,10/20/2024 8:06,
56,56,Studio on Central,"Embrace efficiency and minimalism in these stylish studio apartments, located in the heart of the city's arts district.",42040708,apartment,Cagayan de Oro,3,3,1959,uploads/properties/apartment2.jpg,0,0,"Cagayan de Oro, Philippines",3,3,182,apartment,contact2@example.com,https://m.me/property2,6.30947E+11,seller,1,1,1,1,"Doorman, Rooftop terrace",,0,0,for_sale,0,10/20/2024 8:06,10/20/2024 8:06,
57,57,The Gardens at Westbrook,"Find your oasis in these garden-style apartments, nestled among lush landscaping and tranquil water features.",19742125,apartment,Davao,1,2,3918,uploads/properties/apartment3.jpg,0,0,"Davao, Philippines",1,2,364,apartment,contact3@example.com,https://m.me/property3,6.30942E+11,seller,1,1,1,1,"Finished basement, Large backyard",,0,0,for_sale,0,10/20/2024 8:06,10/20/2024 8:06,
58,58,Midtown Metro,"Stay connected to the city's pulse with these centrally located apartments, just steps from public transit and major thoroughfares.",28290376,apartment,Mandaluyong,3,3,4370,uploads/properties/apartment4.jpg,0,0,"Mandaluyong, Philippines",3,3,406,apartment,contact4@example.com,https://m.me/property4,6.30911E+11,seller,1,1,1,1,"Private beach access, Home theater",,0,0,for_sale,0,10/20/2024 8:06,10/20/2024 8:06,
59,59,The Townes at Greenwood,"Enjoy the space and privacy of townhome living with these multi-level apartments, each with its own private entry and garage.",49084762,apartment,Davao,4,1,3305,uploads/properties/apartment5.jpg,0,0,"Davao, Philippines",4,1,307,apartment,contact5@example.com,https://m.me/property5,6.30971E+11,seller,1,1,1,1,"Doorman, Rooftop terrace",,0,0,for_sale,0,10/20/2024 8:06,10/20/2024 8:06,
60,60,Riverview Residences,"Take in stunning river views from every room in these waterfront apartments, complete with private balconies and a riverside walking path.",15069312,apartment,Makati,5,2,3617,uploads/properties/apartment6.jpg,0,0,"Makati, Philippines",5,2,336,apartment,contact6@example.com,https://m.me/property6,6.30998E+11,admin,1,1,1,1,"Finished basement, Large backyard",,0,0,for_sale,0,10/20/2024 8:06,10/20/2024 8:06,
61,61,The Brownstones on Elm,"Experience classic city living in these beautifully restored brownstone apartments, featuring original architectural details and modern updates.",13056606,apartment,Mandaluyong,5,1,4209,uploads/properties/apartment7.jpg,0,0,"Mandaluyong, Philippines",5,1,391,apartment,contact7@example.com,https://m.me/property7,6.30994E+11,admin,1,1,1,1,"Private beach access, Home theater",,0,0,for_sale,0,10/20/2024 8:06,10/20/2024 8:06,
62,62,Highline Apartments,"Live above it all in these sleek, high-rise apartments with panoramic city views and luxury amenities.",18094238,apartment,Makati,1,1,4542,uploads/properties/apartment8.jpg,0,0,"Makati, Philippines",1,1,422,apartment,contact8@example.com,https://m.me/property8,6.30931E+11,lister,1,1,1,1,"Doorman, Rooftop terrace",,0,0,for_sale,0,10/20/2024 8:06,10/20/2024 8:06,
63,63,Parkside Place,Enjoy the serenity of park life with these apartments offering direct access to the adjacent city park and walking trails.,33826507,apartment,Davao,5,3,4424,uploads/properties/apartment9.jpg,1,0,"Davao, Philippines",5,3,411,apartment,contact9@example.com,https://m.me/property9,6.30963E+11,lister,1,1,1,1,"Finished basement, Large backyard",,0,0,for_sale,0,10/20/2024 8:06,10/20/2024 8:06,
64,64,Loft on Main,"Embrace urban living in these chic, industrial-inspired lofts located in the heart of the city's vibrant downtown.",31264364,apartment,Quezon City,4,3,581,uploads/properties/apartment10.jpg,0,0,"Quezon City, Philippines",4,3,54,apartment,contact10@example.com,https://m.me/property10,6.30901E+11,lister,1,1,1,1,"Private beach access, Home theater",,0,0,for_sale,0,10/20/2024 8:06,10/20/2024 8:06,
65,65,The Courtyard Collection,Experience the charm of courtyard living with these apartments surrounding a beautifully landscaped central garden.,27343246,apartment,Cavite,3,2,3208,uploads/properties/apartment11.jpg,0,0,"Cavite, Philippines",3,2,298,apartment,contact11@example.com,https://m.me/property11,6.30916E+11,lister,1,1,1,1,"Doorman, Rooftop terrace",,0,0,for_sale,0,10/20/2024 8:06,10/20/2024 8:06,
66,66,Sunrise Suites,"Wake up to gorgeous sunrise views in these east-facing apartments, featuring open floor plans and modern finishes.",48063976,apartment,Quezon City,4,3,5199,uploads/properties/apartment12.jpg,0,0,"Quezon City, Philippines",4,3,483,apartment,contact12@example.com,https://m.me/property12,6.30985E+11,seller,1,1,1,1,"Finished basement, Large backyard",,0,0,for_sale,0,10/20/2024 8:06,10/20/2024 8:06,
